Workbook

Sheet 加工表
A1: Fun | B1: Index | C1: Algorithms
C2: SO | D2: TCM-SO | E2: BDS-SO | F2: EOBL-SO | G2: TB-SO | H2: TE-SO | I2: BE-SO | J2: TBESO
A3: F1 | B3: Mean | C3: =辅助表!C3 -> 2.3020981e+09 | D3: =辅助表!D3 -> 2.5983919e+10 | E3: =辅助表!E3 -> 35688240 | F3: =辅助表!F3 -> 4.9530994e+08 | G3: =辅助表!G3 -> 4.2767912e+08 | H3: =辅助表!H3 -> 4.8563039e+08 | I3: =辅助表!I3 -> 25992311 | J3: =辅助表!J3 -> 24394091
B4: Std | C4: =辅助表!C4 -> 1.02555e+09 | D4: =辅助表!D4 -> 6.7771665e+09 | E4: =辅助表!E4 -> 20432904 | F4: =辅助表!F4 -> 2.7875701e+08 | G4: =辅助表!G4 -> 2.0654322e+08 | H4: =辅助表!H4 -> 2.6011969e+08 | I4: =辅助表!I4 -> 14068292 | J4: =辅助表!J4 -> 14882927
B5: mean_Rank | C5: =RANK(C3,3:3,1) -> 7 | D5: =RANK(D3,3:3,1) -> 8 | E5: =RANK(E3,3:3,1) -> 3 | F5: =RANK(F3,3:3,1) -> 6 | G5: =RANK(G3,3:3,1) -> 4 | H5: =RANK(H3,3:3,1) -> 5 | I5: =RANK(I3,3:3,1) -> 2 | J5: =RANK(J3,3:3,1) -> 1
B6: std_rank | C6: =RANK(C4,4:4,1) -> 7 | D6: =RANK(D4,4:4,1) -> 8 | E6: =RANK(E4,4:4,1) -> 3 | F6: =RANK(F4,4:4,1) -> 6 | G6: =RANK(G4,4:4,1) -> 4 | H6: =RANK(H4,4:4,1) -> 5 | I6: =RANK(I4,4:4,1) -> 1 | J6: =RANK(J4,4:4,1) -> 2
B7: sum_rank | C7: =C5+C6 -> 14 | D7: =D5+D6 -> 16 | E7: =E5+E6 -> 6 | F7: =F5+F6 -> 12 | G7: =G5+G6 -> 8 | H7: =H5+H6 -> 10 | I7: =I5+I6 -> 3 | J7: =J5+J6 -> 3
B8: RANK | C8: =RANK(C7,7:7,1) -> 7 | D8: =RANK(D7,7:7,1) -> 8 | E8: =RANK(E7,7:7,1) -> 3 | F8: =RANK(F7,7:7,1) -> 6 | G8: =RANK(G7,7:7,1) -> 4 | H8: =RANK(H7,7:7,1) -> 5 | I8: =RANK(I7,7:7,1) -> 1 | J8: =RANK(J7,7:7,1) -> 1
B9: ‘-/=/+ | C9: =IF(C8>C8,"-",IF(C8=C8,"=","+")) -> = | D9: =IF(D8>C8,"-",IF(D8=C8,"=","+")) -> - | E9: =IF(E8>C8,"-",IF(E8=C8,"=","+")) -> + | F9: =IF(F8>C8,"-",IF(F8=C8,"=","+")) -> + | G9: =IF(G8>C8,"-",IF(G8=C8,"=","+")) -> + | H9: =IF(H8>C8,"-",IF(H8=C8,"=","+")) -> + | I9: =IF(I8>C8,"-",IF(I8=C8,"=","+")) -> + | J9: =IF(J8>C8,"-",IF(J8=C8,"=","+")) -> +
A10: F2 | B10: Mean | C10: =辅助表!C5 -> 1.1421454e+32 | D10: =辅助表!D5 -> 5.5838833e+37 | E10: =辅助表!E5 -> 3.6232161e+28 | F10: =辅助表!F5 -> 6.0032476e+31 | G10: =辅助表!G5 -> 7.7946279e+30 | H10: =辅助表!H5 -> 7.6083724e+32 | I10: =辅助表!I5 -> 6.8063257e+27 | J10: =辅助表!J5 -> 1.0184732e+27
B11: Std | C11: =辅助表!C6 -> 3.6284939e+32 | D11: =辅助表!D6 -> 2.4614382e+38 | E11: =辅助表!E6 -> 1.0309384e+29 | F11: =辅助表!F6 -> 2.3171128e+32 | G11: =辅助表!G6 -> 3.7168277e+31 | H11: =辅助表!H6 -> 4.157885e+33 | I11: =辅助表!I6 -> 3.2331306e+28 | J11: =辅助表!J6 -> 3.1997278e+27
B12: mean_Rank | C12: =RANK(C10,10:10,1) -> 6 | D12: =RANK(D10,10:10,1) -> 8 | E12: =RANK(E10,10:10,1) -> 3 | F12: =RANK(F10,10:10,1) -> 5 | G12: =RANK(G10,10:10,1) -> 4 | H12: =RANK(H10,10:10,1) -> 7 | I12: =RANK(I10,10:10,1) -> 2 | J12: =RANK(J10,10:10,1) -> 1
B13: std_rank | C13: =RANK(C11,11:11,1) -> 6 | D13: =RANK(D11,11:11,1) -> 8 | E13: =RANK(E11,11:11,1) -> 3 | F13: =RANK(F11,11:11,1) -> 5 | G13: =RANK(G11,11:11,1) -> 4 | H13: =RANK(H11,11:11,1) -> 7 | I13: =RANK(I11,11:11,1) -> 2 | J13: =RANK(J11,11:11,1) -> 1
B14: sum_rank | C14: =C12+C13 -> 12 | D14: =D12+D13 -> 16 | E14: =E12+E13 -> 6 | F14: =F12+F13 -> 10 | G14: =G12+G13 -> 8 | H14: =H12+H13 -> 14 | I14: =I12+I13 -> 4 | J14: =J12+J13 -> 2
B15: RANK | C15: =RANK(C14,14:14,1) -> 6 | D15: =RANK(D14,14:14,1) -> 8 | E15: =RANK(E14,14:14,1) -> 3 | F15: =RANK(F14,14:14,1) -> 5 | G15: =RANK(G14,14:14,1) -> 4 | H15: =RANK(H14,14:14,1) -> 7 | I15: =RANK(I14,14:14,1) -> 2 | J15: =RANK(J14,14:14,1) -> 1
B16: ‘-/=/+ | C16: =IF(C15>C15,"-",IF(C15=C15,"=","+")) -> = | D16: =IF(D15>C15,"-",IF(D15=C15,"=","+")) -> - | E16: =IF(E15>C15,"-",IF(E15=C15,"=","+")) -> + | F16: =IF(F15>C15,"-",IF(F15=C15,"=","+")) -> + | G16: =IF(G15>C15,"-",IF(G15=C15,"=","+")) -> + | H16: =IF(H15>C15,"-",IF(H15=C15,"=","+")) -> - | I16: =IF(I15>C15,"-",IF(I15=C15,"=","+")) -> + | J16: =IF(J15>C15,"-",IF(J15=C15,"=","+")) -> +
A17: F3 | B17: Mean | C17: =辅助表!C7 -> 81278.807 | D17: =辅助表!D7 -> 88937.976 | E17: =辅助表!E7 -> 79389.602 | F17: =辅助表!F7 -> 71485.162 | G17: =辅助表!G7 -> 91541.14 | H17: =辅助表!H7 -> 72370.102 | I17: =辅助表!I7 -> 69450.501 | J17: =辅助表!J7 -> 66572.544
B18: Std | C18: =辅助表!C8 -> 8529.3576 | D18: =辅助表!D8 -> 6058.1333 | E18: =辅助表!E8 -> 10646.74 | F18: =辅助表!F8 -> 7402.9582 | G18: =辅助表!G8 -> 6956.1385 | H18: =辅助表!H8 -> 6112.4874 | I18: =辅助表!I8 -> 10095.786 | J18: =辅助表!J8 -> 9545.5029
B19: mean_Rank | C19: =RANK(C17,17:17,1) -> 6 | D19: =RANK(D17,17:17,1) -> 7 | E19: =RANK(E17,17:17,1) -> 5 | F19: =RANK(F17,17:17,1) -> 3 | G19: =RANK(G17,17:17,1) -> 8 | H19: =RANK(H17,17:17,1) -> 4 | I19: =RANK(I17,17:17,1) -> 2 | J19: =RANK(J17,17:17,1) -> 1
B20: std_rank | C20: =RANK(C18,18:18,1) -> 5 | D20: =RANK(D18,18:18,1) -> 1 | E20: =RANK(E18,18:18,1) -> 8 | F20: =RANK(F18,18:18,1) -> 4 | G20: =RANK(G18,18:18,1) -> 3 | H20: =RANK(H18,18:18,1) -> 2 | I20: =RANK(I18,18:18,1) -> 7 | J20: =RANK(J18,18:18,1) -> 6
B21: sum_rank | C21: =C19+C20 -> 11 | D21: =D19+D20 -> 8 | E21: =E19+E20 -> 13 | F21: =F19+F20 -> 7 | G21: =G19+G20 -> 11 | H21: =H19+H20 -> 6 | I21: =I19+I20 -> 9 | J21: =J19+J20 -> 7
B22: RANK | C22: =RANK(C21,21:21,1) -> 6 | D22: =RANK(D21,21:21,1) -> 4 | E22: =RANK(E21,21:21,1) -> 8 | F22: =RANK(F21,21:21,1) -> 2 | G22: =RANK(G21,21:21,1) -> 6 | H22: =RANK(H21,21:21,1) -> 1 | I22: =RANK(I21,21:21,1) -> 5 | J22: =RANK(J21,21:21,1) -> 2
B23: ‘-/=/+ | C23: =IF(C22>C22,"-",IF(C22=C22,"=","+")) -> = | D23: =IF(D22>C22,"-",IF(D22=C22,"=","+")) -> + | E23: =IF(E22>C22,"-",IF(E22=C22,"=","+")) -> - | F23: =IF(F22>C22,"-",IF(F22=C22,"=","+")) -> + | G23: =IF(G22>C22,"-",IF(G22=C22,"=","+")) -> = | H23: =IF(H22>C22,"-",IF(H22=C22,"=","+")) -> + | I23: =IF(I22>C22,"-",IF(I22=C22,"=","+")) -> + | J23: =IF(J22>C22,"-",IF(J22=C22,"=","+")) -> +
A24: F4 | B24: Mean | C24: =辅助表!C9 -> 789.16252 | D24: =辅助表!D9 -> 3374.8982 | E24: =辅助表!E9 -> 555.40489 | F24: =辅助表!F9 -> 647.85349 | G24: =辅助表!G9 -> 635.54257 | H24: =辅助表!H9 -> 661.24302 | I24: =辅助表!I9 -> 556.80898 | J24: =辅助表!J9 -> 544.22697
B25: Std | C25: =辅助表!C10 -> 128.62 | D25: =辅助表!D10 -> 1146.5088 | E25: =辅助表!E10 -> 49.901798 | F25: =辅助表!F10 -> 62.97621 | G25: =辅助表!G10 -> 55.764655 | H25: =辅助表!H10 -> 81.612139 | I25: =辅助表!I10 -> 38.318549 | J25: =辅助表!J10 -> 27.241981
B26: mean_Rank | C26: =RANK(C24,24:24,1) -> 7 | D26: =RANK(D24,24:24,1) -> 8 | E26: =RANK(E24,24:24,1) -> 2 | F26: =RANK(F24,24:24,1) -> 5 | G26: =RANK(G24,24:24,1) -> 4 | H26: =RANK(H24,24:24,1) -> 6 | I26: =RANK(I24,24:24,1) -> 3 | J26: =RANK(J24,24:24,1) -> 1
B27: std_rank | C27: =RANK(C25,25:25,1) -> 7 | D27: =RANK(D25,25:25,1) -> 8 | E27: =RANK(E25,25:25,1) -> 3 | F27: =RANK(F25,25:25,1) -> 5 | G27: =RANK(G25,25:25,1) -> 4 | H27: =RANK(H25,25:25,1) -> 6 | I27: =RANK(I25,25:25,1) -> 2 | J27: =RANK(J25,25:25,1) -> 1
B28: sum_rank | C28: =C26+C27 -> 14 | D28: =D26+D27 -> 16 | E28: =E26+E27 -> 5 | F28: =F26+F27 -> 10 | G28: =G26+G27 -> 8 | H28: =H26+H27 -> 12 | I28: =I26+I27 -> 5 | J28: =J26+J27 -> 2
B29: RANK | C29: =RANK(C28,28:28,1) -> 7 | D29: =RANK(D28,28:28,1) -> 8 | E29: =RANK(E28,28:28,1) -> 2 | F29: =RANK(F28,28:28,1) -> 5 | G29: =RANK(G28,28:28,1) -> 4 | H29: =RANK(H28,28:28,1) -> 6 | I29: =RANK(I28,28:28,1) -> 2 | J29: =RANK(J28,28:28,1) -> 1
B30: ‘-/=/+ | C30: =IF(C29>C29,"-",IF(C29=C29,"=","+")) -> = | D30: =IF(D29>C29,"-",IF(D29=C29,"=","+")) -> - | E30: =IF(E29>C29,"-",IF(E29=C29,"=","+")) -> + | F30: =IF(F29>C29,"-",IF(F29=C29,"=","+")) -> + | G30: =IF(G29>C29,"-",IF(G29=C29,"=","+")) -> + | H30: =IF(H29>C29,"-",IF(H29=C29,"=","+")) -> + | I30: =IF(I29>C29,"-",IF(I29=C29,"=","+")) -> + | J30: =IF(J29>C29,"-",IF(J29=C29,"=","+")) -> +
A31: F5 | B31: Mean | C31: =辅助表!C11 -> 628.66725 | D31: =辅助表!D11 -> 959.27739 | E31: =辅助表!E11 -> 669.35651 | F31: =辅助表!F11 -> 606.47936 | G31: =辅助表!G11 -> 781.02256 | H31: =辅助表!H11 -> 612.5943 | I31: =辅助表!I11 -> 648.24283 | J31: =辅助表!J11 -> 656.01685
B32: Std | C32: =辅助表!C12 -> 30.26242 | D32: =辅助表!D12 -> 15.916185 | E32: =辅助表!E12 -> 39.415566 | F32: =辅助表!F12 -> 26.264335 | G32: =辅助表!G12 -> 46.814431 | H32: =辅助表!H12 -> 30.143565 | I32: =辅助表!I12 -> 38.608788 | J32: =辅助表!J12 -> 35.15366
B33: mean_Rank | C33: =RANK(C31,31:31,1) -> 3 | D33: =RANK(D31,31:31,1) -> 8 | E33: =RANK(E31,31:31,1) -> 6 | F33: =RANK(F31,31:31,1) -> 1 | G33: =RANK(G31,31:31,1) -> 7 | H33: =RANK(H31,31:31,1) -> 2 | I33: =RANK(I31,31:31,1) -> 4 | J33: =RANK(J31,31:31,1) -> 5
B34: std_rank | C34: =RANK(C32,32:32,1) -> 4 | D34: =RANK(D32,32:32,1) -> 1 | E34: =RANK(E32,32:32,1) -> 7 | F34: =RANK(F32,32:32,1) -> 2 | G34: =RANK(G32,32:32,1) -> 8 | H34: =RANK(H32,32:32,1) -> 3 | I34: =RANK(I32,32:32,1) -> 6 | J34: =RANK(J32,32:32,1) -> 5
B35: sum_rank | C35: =C33+C34 -> 7 | D35: =D33+D34 -> 9 | E35: =E33+E34 -> 13 | F35: =F33+F34 -> 3 | G35: =G33+G34 -> 15 | H35: =H33+H34 -> 5 | I35: =I33+I34 -> 10 | J35: =J33+J34 -> 10
B36: RANK | C36: =RANK(C35,35:35,1) -> 3 | D36: =RANK(D35,35:35,1) -> 4 | E36: =RANK(E35,35:35,1) -> 7 | F36: =RANK(F35,35:35,1) -> 1 | G36: =RANK(G35,35:35,1) -> 8 | H36: =RANK(H35,35:35,1) -> 2 | I36: =RANK(I35,35:35,1) -> 5 | J36: =RANK(J35,35:35,1) -> 5
B37: ‘-/=/+ | C37: =IF(C36>C36,"-",IF(C36=C36,"=","+")) -> = | D37: =IF(D36>C36,"-",IF(D36=C36,"=","+")) -> - | E37: =IF(E36>C36,"-",IF(E36=C36,"=","+")) -> - | F37: =IF(F36>C36,"-",IF(F36=C36,"=","+")) -> + | G37: =IF(G36>C36,"-",IF(G36=C36,"=","+")) -> - | H37: =IF(H36>C36,"-",IF(H36=C36,"=","+")) -> + | I37: =IF(I36>C36,"-",IF(I36=C36,"=","+")) -> - | J37: =IF(J36>C36,"-",IF(J36=C36,"=","+")) -> -
A38: F6 | B38: Mean | C38: =辅助表!C13 -> 628.04987 | D38: =辅助表!D13 -> 666.75971 | E38: =辅助表!E13 -> 604.95731 | F38: =辅助表!F13 -> 615.67128 | G38: =辅助表!G13 -> 644.98691 | H38: =辅助表!H13 -> 614.86997 | I38: =辅助表!I13 -> 603.97892 | J38: =辅助表!J13 -> 603.96237
B39: Std | C39: =辅助表!C14 -> 5.9044319 | D39: =辅助表!D14 -> 6.3094423 | E39: =辅助表!E14 -> 2.7697522 | F39: =辅助表!F14 -> 5.0863131 | G39: =辅助表!G14 -> 8.9013293 | H39: =辅助表!H14 -> 4.6966603 | I39: =辅助表!I14 -> 1.6536937 | J39: =辅助表!J14 -> 2.6525179
B40: mean_Rank | C40: =RANK(C38,38:38,1) -> 6 | D40: =RANK(D38,38:38,1) -> 8 | E40: =RANK(E38,38:38,1) -> 3 | F40: =RANK(F38,38:38,1) -> 5 | G40: =RANK(G38,38:38,1) -> 7 | H40: =RANK(H38,38:38,1) -> 4 | I40: =RANK(I38,38:38,1) -> 2 | J40: =RANK(J38,38:38,1) -> 1
B41: std_rank | C41: =RANK(C39,39:39,1) -> 6 | D41: =RANK(D39,39:39,1) -> 7 | E41: =RANK(E39,39:39,1) -> 3 | F41: =RANK(F39,39:39,1) -> 5 | G41: =RANK(G39,39:39,1) -> 8 | H41: =RANK(H39,39:39,1) -> 4 | I41: =RANK(I39,39:39,1) -> 1 | J41: =RANK(J39,39:39,1) -> 2
B42: sum_rank | C42: =C40+C41 -> 12 | D42: =D40+D41 -> 15 | E42: =E40+E41 -> 6 | F42: =F40+F41 -> 10 | G42: =G40+G41 -> 15 | H42: =H40+H41 -> 8 | I42: =I40+I41 -> 3 | J42: =J40+J41 -> 3
B43: RANK | C43: =RANK(C42,42:42,1) -> 6 | D43: =RANK(D42,42:42,1) -> 7 | E43: =RANK(E42,42:42,1) -> 3 | F43: =RANK(F42,42:42,1) -> 5 | G43: =RANK(G42,42:42,1) -> 7 | H43: =RANK(H42,42:42,1) -> 4 | I43: =RANK(I42,42:42,1) -> 1 | J43: =RANK(J42,42:42,1) -> 1
B44: ‘-/=/+ | C44: =IF(C43>C43,"-",IF(C43=C43,"=","+")) -> = | D44: =IF(D43>C43,"-",IF(D43=C43,"=","+")) -> - | E44: =IF(E43>C43,"-",IF(E43=C43,"=","+")) -> + | F44: =IF(F43>C43,"-",IF(F43=C43,"=","+")) -> + | G44: =IF(G43>C43,"-",IF(G43=C43,"=","+")) -> - | H44: =IF(H43>C43,"-",IF(H43=C43,"=","+")) -> + | I44: =IF(I43>C43,"-",IF(I43=C43,"=","+")) -> + | J44: =IF(J43>C43,"-",IF(J43=C43,"=","+")) -> +
A45: F7 | B45: Mean | C45: =辅助表!C15 -> 1102.5824 | D45: =辅助表!D15 -> 1391.1802 | E45: =辅助表!E15 -> 951.93518 | F45: =辅助表!F15 -> 946.33451 | G45: =辅助表!G15 -> 972.74784 | H45: =辅助表!H15 -> 962.09158 | I45: =辅助表!I15 -> 945.78122 | J45: =辅助表!J15 -> 942.77719
B46: Std | C46: =辅助表!C16 -> 52.682322 | D46: =辅助表!D16 -> 62.169189 | E46: =辅助表!E16 -> 37.483241 | F46: =辅助表!F16 -> 29.864304 | G46: =辅助表!G16 -> 63.456735 | H46: =辅助表!H16 -> 32.308003 | I46: =辅助表!I16 -> 30.375834 | J46: =辅助表!J16 -> 28.927907
B47: mean_Rank | C47: =RANK(C45,45:45,1) -> 7 | D47: =RANK(D45,45:45,1) -> 8 | E47: =RANK(E45,45:45,1) -> 4 | F47: =RANK(F45,45:45,1) -> 3 | G47: =RANK(G45,45:45,1) -> 6 | H47: =RANK(H45,45:45,1) -> 5 | I47: =RANK(I45,45:45,1) -> 2 | J47: =RANK(J45,45:45,1) -> 1
B48: std_rank | C48: =RANK(C46,46:46,1) -> 6 | D48: =RANK(D46,46:46,1) -> 7 | E48: =RANK(E46,46:46,1) -> 5 | F48: =RANK(F46,46:46,1) -> 2 | G48: =RANK(G46,46:46,1) -> 8 | H48: =RANK(H46,46:46,1) -> 4 | I48: =RANK(I46,46:46,1) -> 3 | J48: =RANK(J46,46:46,1) -> 1
B49: sum_rank | C49: =C47+C48 -> 13 | D49: =D47+D48 -> 15 | E49: =E47+E48 -> 9 | F49: =F47+F48 -> 5 | G49: =G47+G48 -> 14 | H49: =H47+H48 -> 9 | I49: =I47+I48 -> 5 | J49: =J47+J48 -> 2
B50: RANK | C50: =RANK(C49,49:49,1) -> 6 | D50: =RANK(D49,49:49,1) -> 8 | E50: =RANK(E49,49:49,1) -> 4 | F50: =RANK(F49,49:49,1) -> 2 | G50: =RANK(G49,49:49,1) -> 7 | H50: =RANK(H49,49:49,1) -> 4 | I50: =RANK(I49,49:49,1) -> 2 | J50: =RANK(J49,49:49,1) -> 1
B51: ‘-/=/+ | C51: =IF(C50>C50,"-",IF(C50=C50,"=","+")) -> = | D51: =IF(D50>C50,"-",IF(D50=C50,"=","+")) -> - | E51: =IF(E50>C50,"-",IF(E50=C50,"=","+")) -> + | F51: =IF(F50>C50,"-",IF(F50=C50,"=","+")) -> + | G51: =IF(G50>C50,"-",IF(G50=C50,"=","+")) -> - | H51: =IF(H50>C50,"-",IF(H50=C50,"=","+")) -> + | I51: =IF(I50>C50,"-",IF(I50=C50,"=","+")) -> + | J51: =IF(J50>C50,"-",IF(J50=C50,"=","+")) -> +
A52: F8 | B52: Mean | C52: =辅助表!C17 -> 923.89283 | D52: =辅助表!D17 -> 1179.0605 | E52: =辅助表!E17 -> 946.61107 | F52: =辅助表!F17 -> 897.10228 | G52: =辅助表!G17 -> 1082.1297 | H52: =辅助表!H17 -> 896.92843 | I52: =辅助表!I17 -> 942.05985 | J52: =辅助表!J17 -> 939.91691
B53: Std | C53: =辅助表!C18 -> 28.026478 | D53: =辅助表!D18 -> 10.178011 | E53: =辅助表!E18 -> 39.176028 | F53: =辅助表!F18 -> 21.45187 | G53: =辅助表!G18 -> 55.934659 | H53: =辅助表!H18 -> 24.194912 | I53: =辅助表!I18 -> 28.487562 | J53: =辅助表!J18 -> 35.827593
B54: mean_Rank | C54: =RANK(C52,52:52,1) -> 3 | D54: =RANK(D52,52:52,1) -> 8 | E54: =RANK(E52,52:52,1) -> 6 | F54: =RANK(F52,52:52,1) -> 2 | G54: =RANK(G52,52:52,1) -> 7 | H54: =RANK(H52,52:52,1) -> 1 | I54: =RANK(I52,52:52,1) -> 5 | J54: =RANK(J52,52:52,1) -> 4
B55: std_rank | C55: =RANK(C53,53:53,1) -> 4 | D55: =RANK(D53,53:53,1) -> 1 | E55: =RANK(E53,53:53,1) -> 7 | F55: =RANK(F53,53:53,1) -> 2 | G55: =RANK(G53,53:53,1) -> 8 | H55: =RANK(H53,53:53,1) -> 3 | I55: =RANK(I53,53:53,1) -> 5 | J55: =RANK(J53,53:53,1) -> 6
B56: sum_rank | C56: =C54+C55 -> 7 | D56: =D54+D55 -> 9 | E56: =E54+E55 -> 13 | F56: =F54+F55 -> 4 | G56: =G54+G55 -> 15 | H56: =H54+H55 -> 4 | I56: =I54+I55 -> 10 | J56: =J54+J55 -> 10
B57: RANK | C57: =RANK(C56,56:56,1) -> 3 | D57: =RANK(D56,56:56,1) -> 4 | E57: =RANK(E56,56:56,1) -> 7 | F57: =RANK(F56,56:56,1) -> 1 | G57: =RANK(G56,56:56,1) -> 8 | H57: =RANK(H56,56:56,1) -> 1 | I57: =RANK(I56,56:56,1) -> 5 | J57: =RANK(J56,56:56,1) -> 5
B58: ‘-/=/+ | C58: =IF(C57>C57,"-",IF(C57=C57,"=","+")) -> = | D58: =IF(D57>C57,"-",IF(D57=C57,"=","+")) -> - | E58: =IF(E57>C57,"-",IF(E57=C57,"=","+")) -> - | F58: =IF(F57>C57,"-",IF(F57=C57,"=","+")) -> + | G58: =IF(G57>C57,"-",IF(G57=C57,"=","+")) -> - | H58: =IF(H57>C57,"-",IF(H57=C57,"=","+")) -> + | I58: =IF(I57>C57,"-",IF(I57=C57,"=","+")) -> - | J58: =IF(J57>C57,"-",IF(J57=C57,"=","+")) -> -
A59: F9 | B59: Mean | C59: =辅助表!C19 -> 4782.313 | D59: =辅助表!D19 -> 12050.807 | E59: =辅助表!E19 -> 1670.6831 | F59: =辅助表!F19 -> 1970.405 | G59: =辅助表!G19 -> 11931.686 | H59: =辅助表!H19 -> 1952.8275 | I59: =辅助表!I19 -> 1344.0779 | J59: =辅助表!J19 -> 1346.5582
B60: Std | C60: =辅助表!C20 -> 1433.0723 | D60: =辅助表!D20 -> 1162.5029 | E60: =辅助表!E20 -> 512.83792 | F60: =辅助表!F20 -> 489.69269 | G60: =辅助表!G20 -> 1612.9629 | H60: =辅助表!H20 -> 571.55853 | I60: =辅助表!I20 -> 448.55359 | J60: =辅助表!J20 -> 318.64075
B61: mean_Rank | C61: =RANK(C59,59:59,1) -> 6 | D61: =RANK(D59,59:59,1) -> 8 | E61: =RANK(E59,59:59,1) -> 3 | F61: =RANK(F59,59:59,1) -> 5 | G61: =RANK(G59,59:59,1) -> 7 | H61: =RANK(H59,59:59,1) -> 4 | I61: =RANK(I59,59:59,1) -> 1 | J61: =RANK(J59,59:59,1) -> 2
B62: std_rank | C62: =RANK(C60,60:60,1) -> 7 | D62: =RANK(D60,60:60,1) -> 6 | E62: =RANK(E60,60:60,1) -> 4 | F62: =RANK(F60,60:60,1) -> 3 | G62: =RANK(G60,60:60,1) -> 8 | H62: =RANK(H60,60:60,1) -> 5 | I62: =RANK(I60,60:60,1) -> 2 | J62: =RANK(J60,60:60,1) -> 1
B63: sum_rank | C63: =C61+C62 -> 13 | D63: =D61+D62 -> 14 | E63: =E61+E62 -> 7 | F63: =F61+F62 -> 8 | G63: =G61+G62 -> 15 | H63: =H61+H62 -> 9 | I63: =I61+I62 -> 3 | J63: =J61+J62 -> 3
B64: RANK | C64: =RANK(C63,63:63,1) -> 6 | D64: =RANK(D63,63:63,1) -> 7 | E64: =RANK(E63,63:63,1) -> 3 | F64: =RANK(F63,63:63,1) -> 4 | G64: =RANK(G63,63:63,1) -> 8 | H64: =RANK(H63,63:63,1) -> 5 | I64: =RANK(I63,63:63,1) -> 1 | J64: =RANK(J63,63:63,1) -> 1
B65: ‘-/=/+ | C65: =IF(C64>C64,"-",IF(C64=C64,"=","+")) -> = | D65: =IF(D64>C64,"-",IF(D64=C64,"=","+")) -> - | E65: =IF(E64>C64,"-",IF(E64=C64,"=","+")) -> + | F65: =IF(F64>C64,"-",IF(F64=C64,"=","+")) -> + | G65: =IF(G64>C64,"-",IF(G64=C64,"=","+")) -> - | H65: =IF(H64>C64,"-",IF(H64=C64,"=","+")) -> + | I65: =IF(I64>C64,"-",IF(I64=C64,"=","+")) -> + | J65: =IF(J64>C64,"-",IF(J64=C64,"=","+")) -> +
A66: F10 | B66: Mean | C66: =辅助表!C21 -> 8160.2524 | D66: =辅助表!D21 -> 5719.4171 | E66: =辅助表!E21 -> 8387.408 | F66: =辅助表!F21 -> 8585.0958 | G66: =辅助表!G21 -> 6210.004 | H66: =辅助表!H21 -> 8749.0584 | I66: =辅助表!I21 -> 8554.8877 | J66: =辅助表!J21 -> 8557.1374
B67: Std | C67: =辅助表!C22 -> 972.19869 | D67: =辅助表!D22 -> 910.58897 | E67: =辅助表!E22 -> 636.71531 | F67: =辅助表!F22 -> 364.79503 | G67: =辅助表!G22 -> 1092.442 | H67: =辅助表!H22 -> 257.01321 | I67: =辅助表!I22 -> 350.19643 | J67: =辅助表!J22 -> 491.54595
B68: mean_Rank | C68: =RANK(C66,66:66,1) -> 3 | D68: =RANK(D66,66:66,1) -> 1 | E68: =RANK(E66,66:66,1) -> 4 | F68: =RANK(F66,66:66,1) -> 7 | G68: =RANK(G66,66:66,1) -> 2 | H68: =RANK(H66,66:66,1) -> 8 | I68: =RANK(I66,66:66,1) -> 5 | J68: =RANK(J66,66:66,1) -> 6
B69: std_rank | C69: =RANK(C67,67:67,1) -> 7 | D69: =RANK(D67,67:67,1) -> 6 | E69: =RANK(E67,67:67,1) -> 5 | F69: =RANK(F67,67:67,1) -> 3 | G69: =RANK(G67,67:67,1) -> 8 | H69: =RANK(H67,67:67,1) -> 1 | I69: =RANK(I67,67:67,1) -> 2 | J69: =RANK(J67,67:67,1) -> 4
B70: sum_rank | C70: =C68+C69 -> 10 | D70: =D68+D69 -> 7 | E70: =E68+E69 -> 9 | F70: =F68+F69 -> 10 | G70: =G68+G69 -> 10 | H70: =H68+H69 -> 9 | I70: =I68+I69 -> 7 | J70: =J68+J69 -> 10
B71: RANK | C71: =RANK(C70,70:70,1) -> 5 | D71: =RANK(D70,70:70,1) -> 1 | E71: =RANK(E70,70:70,1) -> 3 | F71: =RANK(F70,70:70,1) -> 5 | G71: =RANK(G70,70:70,1) -> 5 | H71: =RANK(H70,70:70,1) -> 3 | I71: =RANK(I70,70:70,1) -> 1 | J71: =RANK(J70,70:70,1) -> 5
B72: ‘-/=/+ | C72: =IF(C71>C71,"-",IF(C71=C71,"=","+")) -> = | D72: =IF(D71>C71,"-",IF(D71=C71,"=","+")) -> + | E72: =IF(E71>C71,"-",IF(E71=C71,"=","+")) -> + | F72: =IF(F71>C71,"-",IF(F71=C71,"=","+")) -> = | G72: =IF(G71>C71,"-",IF(G71=C71,"=","+")) -> = | H72: =IF(H71>C71,"-",IF(H71=C71,"=","+")) -> + | I72: =IF(I71>C71,"-",IF(I71=C71,"=","+")) -> + | J72: =IF(J71>C71,"-",IF(J71=C71,"=","+")) -> =
A73: F11 | B73: Mean | C73: =辅助表!C23 -> 2137.6327 | D73: =辅助表!D23 -> 8885.0505 | E73: =辅助表!E23 -> 1856.6566 | F73: =辅助表!F23 -> 1897.6677 | G73: =辅助表!G23 -> 2091.0846 | H73: =辅助表!H23 -> 1888.9663 | I73: =辅助表!I23 -> 1618.7583 | J73: =辅助表!J23 -> 1603.6774
B74: Std | C74: =辅助表!C24 -> 410.56216 | D74: =辅助表!D24 -> 3169.6618 | E74: =辅助表!E24 -> 324.21878 | F74: =辅助表!F24 -> 264.97191 | G74: =辅助表!G24 -> 415.4837 | H74: =辅助表!H24 -> 386.98089 | I74: =辅助表!I24 -> 208.62681 | J74: =辅助表!J24 -> 190.37641
B75: mean_Rank | C75: =RANK(C73,73:73,1) -> 7 | D75: =RANK(D73,73:73,1) -> 8 | E75: =RANK(E73,73:73,1) -> 3 | F75: =RANK(F73,73:73,1) -> 5 | G75: =RANK(G73,73:73,1) -> 6 | H75: =RANK(H73,73:73,1) -> 4 | I75: =RANK(I73,73:73,1) -> 2 | J75: =RANK(J73,73:73,1) -> 1
B76: std_rank | C76: =RANK(C74,74:74,1) -> 6 | D76: =RANK(D74,74:74,1) -> 8 | E76: =RANK(E74,74:74,1) -> 4 | F76: =RANK(F74,74:74,1) -> 3 | G76: =RANK(G74,74:74,1) -> 7 | H76: =RANK(H74,74:74,1) -> 5 | I76: =RANK(I74,74:74,1) -> 2 | J76: =RANK(J74,74:74,1) -> 1
B77: sum_rank | C77: =C75+C76 -> 13 | D77: =D75+D76 -> 16 | E77: =E75+E76 -> 7 | F77: =F75+F76 -> 8 | G77: =G75+G76 -> 13 | H77: =H75+H76 -> 9 | I77: =I75+I76 -> 4 | J77: =J75+J76 -> 2
B78: RANK | C78: =RANK(C77,77:77,1) -> 6 | D78: =RANK(D77,77:77,1) -> 8 | E78: =RANK(E77,77:77,1) -> 3 | F78: =RANK(F77,77:77,1) -> 4 | G78: =RANK(G77,77:77,1) -> 6 | H78: =RANK(H77,77:77,1) -> 5 | I78: =RANK(I77,77:77,1) -> 2 | J78: =RANK(J77,77:77,1) -> 1
B79: ‘-/=/+ | C79: =IF(C78>C78,"-",IF(C78=C78,"=","+")) -> = | D79: =IF(D78>C78,"-",IF(D78=C78,"=","+")) -> - | E79: =IF(E78>C78,"-",IF(E78=C78,"=","+")) -> + | F79: =IF(F78>C78,"-",IF(F78=C78,"=","+")) -> + | G79: =IF(G78>C78,"-",IF(G78=C78,"=","+")) -> = | H79: =IF(H78>C78,"-",IF(H78=C78,"=","+")) -> + | I79: =IF(I78>C78,"-",IF(I78=C78,"=","+")) -> + | J79: =IF(J78>C78,"-",IF(J78=C78,"=","+")) -> +
A80: F12 | B80: Mean | C80: =辅助表!C25 -> 32267174 | D80: =辅助表!D25 -> 4.3671557e+08 | E80: =辅助表!E25 -> 5196727.3 | F80: =辅助表!F25 -> 20023039 | G80: =辅助表!G25 -> 8600945.4 | H80: =辅助表!H25 -> 13347706 | I80: =辅助表!I25 -> 4718036.4 | J80: =辅助表!J25 -> 5369524.5
B81: Std | C81: =辅助表!C26 -> 30461629 | D81: =辅助表!D26 -> 3.6587096e+08 | E81: =辅助表!E26 -> 4355990.3 | F81: =辅助表!F26 -> 16393447 | G81: =辅助表!G26 -> 5174653.4 | H81: =辅助表!H26 -> 12281807 | I81: =辅助表!I26 -> 3324787.7 | J81: =辅助表!J26 -> 5863423.8
B82: mean_Rank | C82: =RANK(C80,80:80,1) -> 7 | D82: =RANK(D80,80:80,1) -> 8 | E82: =RANK(E80,80:80,1) -> 2 | F82: =RANK(F80,80:80,1) -> 6 | G82: =RANK(G80,80:80,1) -> 4 | H82: =RANK(H80,80:80,1) -> 5 | I82: =RANK(I80,80:80,1) -> 1 | J82: =RANK(J80,80:80,1) -> 3
B83: std_rank | C83: =RANK(C81,81:81,1) -> 7 | D83: =RANK(D81,81:81,1) -> 8 | E83: =RANK(E81,81:81,1) -> 2 | F83: =RANK(F81,81:81,1) -> 6 | G83: =RANK(G81,81:81,1) -> 3 | H83: =RANK(H81,81:81,1) -> 5 | I83: =RANK(I81,81:81,1) -> 1 | J83: =RANK(J81,81:81,1) -> 4
B84: sum_rank | C84: =C82+C83 -> 14 | D84: =D82+D83 -> 16 | E84: =E82+E83 -> 4 | F84: =F82+F83 -> 12 | G84: =G82+G83 -> 7 | H84: =H82+H83 -> 10 | I84: =I82+I83 -> 2 | J84: =J82+J83 -> 7
B85: RANK | C85: =RANK(C84,84:84,1) -> 7 | D85: =RANK(D84,84:84,1) -> 8 | E85: =RANK(E84,84:84,1) -> 2 | F85: =RANK(F84,84:84,1) -> 6 | G85: =RANK(G84,84:84,1) -> 3 | H85: =RANK(H84,84:84,1) -> 5 | I85: =RANK(I84,84:84,1) -> 1 | J85: =RANK(J84,84:84,1) -> 3
B86: ‘-/=/+ | C86: =IF(C85>C85,"-",IF(C85=C85,"=","+")) -> = | D86: =IF(D85>C85,"-",IF(D85=C85,"=","+")) -> - | E86: =IF(E85>C85,"-",IF(E85=C85,"=","+")) -> + | F86: =IF(F85>C85,"-",IF(F85=C85,"=","+")) -> + | G86: =IF(G85>C85,"-",IF(G85=C85,"=","+")) -> + | H86: =IF(H85>C85,"-",IF(H85=C85,"=","+")) -> + | I86: =IF(I85>C85,"-",IF(I85=C85,"=","+")) -> + | J86: =IF(J85>C85,"-",IF(J85=C85,"=","+")) -> +
A87: F13 | B87: Mean | C87: =辅助表!C27 -> 408059.41 | D87: =辅助表!D27 -> 69924136 | E87: =辅助表!E27 -> 95042.519 | F87: =辅助表!F27 -> 104836.87 | G87: =辅助表!G27 -> 116311.35 | H87: =辅助表!H27 -> 317782.12 | I87: =辅助表!I27 -> 73296.874 | J87: =辅助表!J27 -> 80624.342
B88: Std | C88: =辅助表!C28 -> 838312.19 | D88: =辅助表!D28 -> 1.4546447e+08 | E88: =辅助表!E28 -> 101339.3 | F88: =辅助表!F28 -> 71053.055 | G88: =辅助表!G28 -> 73021.705 | H88: =辅助表!H28 -> 1040408.5 | I88: =辅助表!I28 -> 42385.227 | J88: =辅助表!J28 -> 59224.124
B89: mean_Rank | C89: =RANK(C87,87:87,1) -> 7 | D89: =RANK(D87,87:87,1) -> 8 | E89: =RANK(E87,87:87,1) -> 3 | F89: =RANK(F87,87:87,1) -> 4 | G89: =RANK(G87,87:87,1) -> 5 | H89: =RANK(H87,87:87,1) -> 6 | I89: =RANK(I87,87:87,1) -> 1 | J89: =RANK(J87,87:87,1) -> 2
B90: std_rank | C90: =RANK(C88,88:88,1) -> 6 | D90: =RANK(D88,88:88,1) -> 8 | E90: =RANK(E88,88:88,1) -> 5 | F90: =RANK(F88,88:88,1) -> 3 | G90: =RANK(G88,88:88,1) -> 4 | H90: =RANK(H88,88:88,1) -> 7 | I90: =RANK(I88,88:88,1) -> 1 | J90: =RANK(J88,88:88,1) -> 2
B91: sum_rank | C91: =C89+C90 -> 13 | D91: =D89+D90 -> 16 | E91: =E89+E90 -> 8 | F91: =F89+F90 -> 7 | G91: =G89+G90 -> 9 | H91: =H89+H90 -> 13 | I91: =I89+I90 -> 2 | J91: =J89+J90 -> 4
B92: RANK | C92: =RANK(C91,91:91,1) -> 6 | D92: =RANK(D91,91:91,1) -> 8 | E92: =RANK(E91,91:91,1) -> 4 | F92: =RANK(F91,91:91,1) -> 3 | G92: =RANK(G91,91:91,1) -> 5 | H92: =RANK(H91,91:91,1) -> 6 | I92: =RANK(I91,91:91,1) -> 1 | J92: =RANK(J91,91:91,1) -> 2
B93: ‘-/=/+ | C93: =IF(C92>C92,"-",IF(C92=C92,"=","+")) -> = | D93: =IF(D92>C92,"-",IF(D92=C92,"=","+")) -> - | E93: =IF(E92>C92,"-",IF(E92=C92,"=","+")) -> + | F93: =IF(F92>C92,"-",IF(F92=C92,"=","+")) -> + | G93: =IF(G92>C92,"-",IF(G92=C92,"=","+")) -> + | H93: =IF(H92>C92,"-",IF(H92=C92,"=","+")) -> = | I93: =IF(I92>C92,"-",IF(I92=C92,"=","+")) -> + | J93: =IF(J92>C92,"-",IF(J92=C92,"=","+")) -> +
A94: F14 | B94: Mean | C94: =辅助表!C29 -> 233681.29 | D94: =辅助表!D29 -> 367097.96 | E94: =辅助表!E29 -> 110701.65 | F94: =辅助表!F29 -> 234324.87 | G94: =辅助表!G29 -> 283622.67 | H94: =辅助表!H29 -> 177834.43 | I94: =辅助表!I29 -> 111347.19 | J94: =辅助表!J29 -> 80498.639
B95: Std | C95: =辅助表!C30 -> 236405.9 | D95: =辅助表!D30 -> 463369.6 | E95: =辅助表!E30 -> 100674.95 | F95: =辅助表!F30 -> 304715.02 | G95: =辅助表!G30 -> 263335.67 | H95: =辅助表!H30 -> 199903.37 | I95: =辅助表!I30 -> 113439.53 | J95: =辅助表!J30 -> 67923.147
B96: mean_Rank | C96: =RANK(C94,94:94,1) -> 5 | D96: =RANK(D94,94:94,1) -> 8 | E96: =RANK(E94,94:94,1) -> 2 | F96: =RANK(F94,94:94,1) -> 6 | G96: =RANK(G94,94:94,1) -> 7 | H96: =RANK(H94,94:94,1) -> 4 | I96: =RANK(I94,94:94,1) -> 3 | J96: =RANK(J94,94:94,1) -> 1
B97: std_rank | C97: =RANK(C95,95:95,1) -> 5 | D97: =RANK(D95,95:95,1) -> 8 | E97: =RANK(E95,95:95,1) -> 2 | F97: =RANK(F95,95:95,1) -> 7 | G97: =RANK(G95,95:95,1) -> 6 | H97: =RANK(H95,95:95,1) -> 4 | I97: =RANK(I95,95:95,1) -> 3 | J97: =RANK(J95,95:95,1) -> 1
B98: sum_rank | C98: =C96+C97 -> 10 | D98: =D96+D97 -> 16 | E98: =E96+E97 -> 4 | F98: =F96+F97 -> 13 | G98: =G96+G97 -> 13 | H98: =H96+H97 -> 8 | I98: =I96+I97 -> 6 | J98: =J96+J97 -> 2
B99: RANK | C99: =RANK(C98,98:98,1) -> 5 | D99: =RANK(D98,98:98,1) -> 8 | E99: =RANK(E98,98:98,1) -> 2 | F99: =RANK(F98,98:98,1) -> 6 | G99: =RANK(G98,98:98,1) -> 6 | H99: =RANK(H98,98:98,1) -> 4 | I99: =RANK(I98,98:98,1) -> 3 | J99: =RANK(J98,98:98,1) -> 1
B100: ‘-/=/+ | C100: =IF(C99>C99,"-",IF(C99=C99,"=","+")) -> = | D100: =IF(D99>C99,"-",IF(D99=C99,"=","+")) -> - | E100: =IF(E99>C99,"-",IF(E99=C99,"=","+")) -> + | F100: =IF(F99>C99,"-",IF(F99=C99,"=","+")) -> - | G100: =IF(G99>C99,"-",IF(G99=C99,"=","+")) -> - | H100: =IF(H99>C99,"-",IF(H99=C99,"=","+")) -> + | I100: =IF(I99>C99,"-",IF(I99=C99,"=","+")) -> + | J100: =IF(J99>C99,"-",IF(J99=C99,"=","+")) -> +
...

Sheet 辅助表
A1: Fun | B1: Index | C1: Algorithms
C2: SO | D2: TCM-SO | E2: BDS-SO | F2: EOBL-SO | G2: TB-SO | H2: TE-SO | I2: BE-SO | J2: TBESO
A3: F1 | B3: Mean | C3: 2.3020981e+09 | D3: 2.5983919e+10 | E3: 35688240 | F3: 4.9530994e+08 | G3: 4.2767912e+08 | H3: 4.8563039e+08 | I3: 25992311 | J3: 24394091
B4: Std | C4: 1.02555e+09 | D4: 6.7771665e+09 | E4: 20432904 | F4: 2.7875701e+08 | G4: 2.0654322e+08 | H4: 2.6011969e+08 | I4: 14068292 | J4: 14882927
A5: F2 | B5: Mean | C5: 1.1421454e+32 | D5: 5.5838833e+37 | E5: 3.6232161e+28 | F5: 6.0032476e+31 | G5: 7.7946279e+30 | H5: 7.6083724e+32 | I5: 6.8063257e+27 | J5: 1.0184732e+27
B6: Std | C6: 3.6284939e+32 | D6: 2.4614382e+38 | E6: 1.0309384e+29 | F6: 2.3171128e+32 | G6: 3.7168277e+31 | H6: 4.157885e+33 | I6: 3.2331306e+28 | J6: 3.1997278e+27
A7: F3 | B7: Mean | C7: 81278.807 | D7: 88937.976 | E7: 79389.602 | F7: 71485.162 | G7: 91541.14 | H7: 72370.102 | I7: 69450.501 | J7: 66572.544
B8: Std | C8: 8529.3576 | D8: 6058.1333 | E8: 10646.74 | F8: 7402.9582 | G8: 6956.1385 | H8: 6112.4874 | I8: 10095.786 | J8: 9545.5029
A9: F4 | B9: Mean | C9: 789.16252 | D9: 3374.8982 | E9: 555.40489 | F9: 647.85349 | G9: 635.54257 | H9: 661.24302 | I9: 556.80898 | J9: 544.22697
B10: Std | C10: 128.62 | D10: 1146.5088 | E10: 49.901798 | F10: 62.97621 | G10: 55.764655 | H10: 81.612139 | I10: 38.318549 | J10: 27.241981
A11: F5 | B11: Mean | C11: 628.66725 | D11: 959.27739 | E11: 669.35651 | F11: 606.47936 | G11: 781.02256 | H11: 612.5943 | I11: 648.24283 | J11: 656.01685
B12: Std | C12: 30.26242 | D12: 15.916185 | E12: 39.415566 | F12: 26.264335 | G12: 46.814431 | H12: 30.143565 | I12: 38.608788 | J12: 35.15366
A13: F6 | B13: Mean | C13: 628.04987 | D13: 666.75971 | E13: 604.95731 | F13: 615.67128 | G13: 644.98691 | H13: 614.86997 | I13: 603.97892 | J13: 603.96237
B14: Std | C14: 5.9044319 | D14: 6.3094423 | E14: 2.7697522 | F14: 5.0863131 | G14: 8.9013293 | H14: 4.6966603 | I14: 1.6536937 | J14: 2.6525179
A15: F7 | B15: Mean | C15: 1102.5824 | D15: 1391.1802 | E15: 951.93518 | F15: 946.33451 | G15: 972.74784 | H15: 962.09158 | I15: 945.78122 | J15: 942.77719
B16: Std | C16: 52.682322 | D16: 62.169189 | E16: 37.483241 | F16: 29.864304 | G16: 63.456735 | H16: 32.308003 | I16: 30.375834 | J16: 28.927907
A17: F8 | B17: Mean | C17: 923.89283 | D17: 1179.0605 | E17: 946.61107 | F17: 897.10228 | G17: 1082.1297 | H17: 896.92843 | I17: 942.05985 | J17: 939.91691
B18: Std | C18: 28.026478 | D18: 10.178011 | E18: 39.176028 | F18: 21.45187 | G18: 55.934659 | H18: 24.194912 | I18: 28.487562 | J18: 35.827593
A19: F9 | B19: Mean | C19: 4782.313 | D19: 12050.807 | E19: 1670.6831 | F19: 1970.405 | G19: 11931.686 | H19: 1952.8275 | I19: 1344.0779 | J19: 1346.5582
B20: Std | C20: 1433.0723 | D20: 1162.5029 | E20: 512.83792 | F20: 489.69269 | G20: 1612.9629 | H20: 571.55853 | I20: 448.55359 | J20: 318.64075
A21: F10 | B21: Mean | C21: 8160.2524 | D21: 5719.4171 | E21: 8387.408 | F21: 8585.0958 | G21: 6210.004 | H21: 8749.0584 | I21: 8554.8877 | J21: 8557.1374
B22: Std | C22: 972.19869 | D22: 910.58897 | E22: 636.71531 | F22: 364.79503 | G22: 1092.442 | H22: 257.01321 | I22: 350.19643 | J22: 491.54595
A23: F11 | B23: Mean | C23: 2137.6327 | D23: 8885.0505 | E23: 1856.6566 | F23: 1897.6677 | G23: 2091.0846 | H23: 1888.9663 | I23: 1618.7583 | J23: 1603.6774
B24: Std | C24: 410.56216 | D24: 3169.6618 | E24: 324.21878 | F24: 264.97191 | G24: 415.4837 | H24: 386.98089 | I24: 208.62681 | J24: 190.37641
A25: F12 | B25: Mean | C25: 32267174 | D25: 4.3671557e+08 | E25: 5196727.3 | F25: 20023039 | G25: 8600945.4 | H25: 13347706 | I25: 4718036.4 | J25: 5369524.5
B26: Std | C26: 30461629 | D26: 3.6587096e+08 | E26: 4355990.3 | F26: 16393447 | G26: 5174653.4 | H26: 12281807 | I26: 3324787.7 | J26: 5863423.8
A27: F13 | B27: Mean | C27: 408059.41 | D27: 69924136 | E27: 95042.519 | F27: 104836.87 | G27: 116311.35 | H27: 317782.12 | I27: 73296.874 | J27: 80624.342
B28: Std | C28: 838312.19 | D28: 1.4546447e+08 | E28: 101339.3 | F28: 71053.055 | G28: 73021.705 | H28: 1040408.5 | I28: 42385.227 | J28: 59224.124
A29: F14 | B29: Mean | C29: 233681.29 | D29: 367097.96 | E29: 110701.65 | F29: 234324.87 | G29: 283622.67 | H29: 177834.43 | I29: 111347.19 | J29: 80498.639
B30: Std | C30: 236405.9 | D30: 463369.6 | E30: 100674.95 | F30: 304715.02 | G30: 263335.67 | H30: 199903.37 | I30: 113439.53 | J30: 67923.147
A31: F15 | B31: Mean | C31: 28972.361 | D31: 205156.1 | E31: 28948.455 | F31: 25659.227 | G31: 30715.047 | H31: 27733.594 | I31: 16445.595 | J31: 18548.668
B32: Std | C32: 21752.195 | D32: 384599.82 | E32: 20753.917 | F32: 26615.804 | G32: 16769.443 | H32: 30195.261 | I32: 9922.5712 | J32: 20406.119
A33: F16 | B33: Mean | C33: 2801.1354 | D33: 4042.3707 | E33: 3119.328 | F33: 2966.2487 | G33: 3003.404 | H33: 2745.9306 | I33: 3168.5943 | J33: 3281.9188
B34: Std | C34: 364.36572 | D34: 425.19205 | E34: 463.35781 | F34: 459.03214 | G34: 471.39402 | H34: 365.98753 | I34: 422.43826 | J34: 388.595
A35: F17 | B35: Mean | C35: 2406.837 | D35: 2609.0396 | E35: 2222.2096 | F35: 2223.7906 | G35: 2137.6179 | H35: 2112.9262 | I35: 2163.8913 | J35: 2166.9648
B36: Std | C36: 280.7172 | D36: 259.49466 | E36: 221.89136 | F36: 179.74631 | G36: 157.95009 | H36: 188.65478 | I36: 215.89864 | J36: 181.97287
A37: F18 | B37: Mean | C37: 3875282.5 | D37: 924576.23 | E37: 1999161.8 | F37: 1834081.1 | G37: 460154.25 | H37: 1865935.7 | I37: 2940246 | J37: 1281571.2
B38: Std | C38: 4198935.6 | D38: 1093998.8 | E38: 1674858.9 | F38: 1758259.3 | G38: 320135.82 | H38: 1685708.2 | I38: 2769895.4 | J38: 1372769
A39: F19 | B39: Mean | C39: 55317.864 | D39: 4248615.5 | E39: 22364.008 | F39: 36510.737 | G39: 45940.833 | H39: 37343.624 | I39: 17441.217 | J39: 10423.089
B40: Std | C40: 94303.455 | D40: 7242116.9 | E40: 19260.243 | F40: 71713.335 | G40: 14681.689 | H40: 53089.526 | I40: 18908.721 | J40: 9877.3714
A41: F20 | B41: Mean | C41: 2686.8587 | D41: 3205.0204 | E41: 2606.2187 | F41: 2654.4525 | G41: 2833.2997 | H41: 2543.1129 | I41: 2649.9083 | J41: 2548.8638
B42: Std | C42: 243.77944 | D42: 110.88907 | E42: 227.21413 | F42: 162.2025 | G42: 154.53706 | H42: 237.07004 | I42: 209.35498 | J42: 246.9084
A43: F21 | B43: Mean | C43: 2439.8245 | D43: 2780.2788 | E43: 2459.0654 | F43: 2409.0732 | G43: 2508.2918 | H43: 2406.5666 | I43: 2462.7233 | J43: 2462.5333
B44: Std | C44: 25.125773 | D44: 27.071936 | E44: 42.164621 | F44: 25.566111 | G44: 179.91085 | H44: 22.132097 | I44: 39.061399 | J44: 40.400088
A45: F22 | B45: Mean | C45: 7852.0821 | D45: 7067.2262 | E45: 5599.4896 | F45: 2523.2779 | G45: 7383.1986 | H45: 2792.7397 | I45: 2403.428 | J45: 2763.8311
B46: Std | C46: 2492.0226 | D46: 662.7618 | E46: 3740.1373 | F46: 92.44031 | G46: 1175.3976 | H46: 317.23091 | I46: 176.75067 | J46: 1002.762
A47: F23 | B47: Mean | C47: 2862.4835 | D47: 3578.0422 | E47: 2796.4455 | F47: 2789.5225 | G47: 2849.3921 | H47: 2822.2577 | I47: 2799.0151 | J47: 2799.2236
B48: Std | C48: 58.389391 | D48: 77.711177 | E48: 28.378116 | F48: 27.411097 | G48: 40.849566 | H48: 31.226009 | I48: 45.26129 | J48: 33.650634
A49: F24 | B49: Mean | C49: 3007.3597 | D49: 3617.6968 | E49: 3024.941 | F49: 2976.0107 | G49: 3227.6787 | H49: 2992.1474 | I49: 3024.9583 | J49: 3021.779
B50: Std | C50: 50.012437 | D50: 205.31337 | E50: 27.981221 | F50: 40.842734 | G50: 134.0713 | H50: 30.965087 | I50: 25.918719 | J50: 32.738661
A51: F25 | B51: Mean | C51: 3096.9773 | D51: 3944.8411 | E51: 2949.641 | F51: 2989.7997 | G51: 3023.3766 | H51: 3003.844 | I51: 2933.9739 | J51: 2939.4019
B52: Std | C52: 75.895135 | D52: 325.34018 | E52: 34.346677 | F52: 37.926121 | G52: 45.357388 | H52: 40.278601 | I52: 24.845944 | J52: 16.991067
A53: F26 | B53: Mean | C53: 6117.5374 | D53: 6331.4978 | E53: 5019.3812 | F53: 5315.0237 | G53: 3666.1317 | H53: 5688.7614 | I53: 5017.4537 | J53: 4617.1352
B54: Std | C54: 683.21295 | D54: 1234.9476 | E54: 450.58716 | F54: 408.1764 | G54: 95.971395 | H54: 334.55809 | I54: 510.14251 | J54: 934.32639
A55: F27 | B55: Mean | C55: 3308.553 | D55: 3382.2415 | E55: 3238.7413 | F55: 3304.028 | G55: 3243.9247 | H55: 3306.7418 | I55: 3227.5072 | J55: 3238.6553
B56: Std | C56: 45.313016 | D56: 69.570277 | E56: 17.254203 | F56: 41.498801 | G56: 15.276713 | H56: 43.904061 | I56: 18.092707 | J56: 15.767431
A57: F28 | B57: Mean | C57: 3786.383 | D57: 5582.1161 | E57: 3351.7396 | F57: 3475.3472 | G57: 3741.983 | H57: 3479.9521 | I57: 3340.2158 | J57: 3349.5026
B58: Std | C58: 286.1884 | D58: 362.65303 | E58: 48.692328 | F58: 79.095384 | G58: 165.90129 | H58: 98.670461 | I58: 34.56191 | J58: 34.322403
A59: F29 | B59: Mean | C59: 4267.398 | D59: 5733.5736 | E59: 3904.0533 | F59: 4014.1819 | G59: 4306.591 | H59: 4000.4632 | I59: 3932.4594 | J59: 3930.5896
B60: Std | C60: 295.59053 | D60: 553.04823 | E60: 226.41683 | F60: 167.08968 | G60: 204.22835 | H60: 177.00872 | I60: 172.45995 | J60: 216.08539
A61: F30 | B61: Mean | C61: 1194234.1 | D61: 11043093 | E61: 171521.8 | F61: 810306.92 | G61: 292747.33 | H61: 712997.96 | I61: 141556.86 | J61: 203740.94
B62: Std | C62: 1663974.3 | D62: 18450195 | E62: 179498.86 | F62: 763161.81 | G62: 181961.93 | H62: 540307.83 | I62: 126632.69 | J62: 194230.34
A63: Friedman rank | C63: 5.3 | D63: 7.2666667 | E63: 3.8666667 | F63: 3.8333333 | G63: 5.4 | H63: 3.9 | I63: 3.6 | J63: 2.8333333
A64: -/=/+
A65: Average rank
A66: Total rank

Sheet 原数据
A1: Fun | B1: Index | C1: Algorithms
C2: SO | D2: TCM-SO | E2: BDS-SO | F2: EOBL-SO | G2: TB-SO | H2: TE-SO | I2: BE-SO | J2: TBESO
A3: F1 | B3: Mean | C3: 26549459 | D3: 10493520 | E3: 525749.17 | F3: 1643203.7 | G3: 504885.1 | H3: 2118907.5 | I3: 341814.76 | J3: 499751.61
B4: Std | C4: 39184382 | D4: 10009250 | E4: 403093.94 | F4: 1275516.3 | G4: 431626.86 | H4: 1640648.9 | I4: 246258.17 | J4: 479166.84
B5: Rank | C5: =RANK(C3,3:3,1) -> 8 | D5: =RANK(D3,3:3,1) -> 7 | E5: =RANK(E3,3:3,1) -> 4 | F5: =RANK(F3,3:3,1) -> 5 | G5: =RANK(G3,3:3,1) -> 3 | H5: =RANK(H3,3:3,1) -> 6 | I5: =RANK(I3,3:3,1) -> 1 | J5: =RANK(J3,3:3,1) -> 2
A6: F2 | B6: Mean | C6: 1.0975866e+26 | D6: 4.2688869e+25 | E6: 5.1082231e+18 | F6: 4.8296738e+23 | G6: 1.0117115e+19 | H6: 1.3046582e+24 | I6: 5.8567836e+18 | J6: 1.1410249e+19
B7: Std | C7: 5.8604966e+26 | D7: 2.189162e+26 | E7: 1.221406e+19 | F7: 1.989505e+24 | G7: 2.8012614e+19 | H7: 5.4628558e+24 | I7: 1.2796267e+19 | J7: 2.7152475e+19
B8: Rank | C8: =RANK(C6,6:6,1) -> 8 | D8: =RANK(D6,6:6,1) -> 7 | E8: =RANK(E6,6:6,1) -> 1 | F8: =RANK(F6,6:6,1) -> 5 | G8: =RANK(G6,6:6,1) -> 3 | H8: =RANK(H6,6:6,1) -> 6 | I8: =RANK(I6,6:6,1) -> 2 | J8: =RANK(J6,6:6,1) -> 4
A9: F3 | B9: Mean | C9: 71215.224 | D9: 69664.126 | E9: 68251.17 | F9: 62228.875 | G9: 64201.947 | H9: 62135.474 | I9: 60040.475 | J9: 60468.468
B10: Std | C10: 9966.1318 | D10: 10524.63 | E10: 9180.075 | F10: 8725.5856 | G10: 9802.6658 | H10: 7284.3572 | I10: 7566.3214 | J10: 8664.8367
B11: Rank | C11: =RANK(C9,9:9,1) -> 8 | D11: =RANK(D9,9:9,1) -> 7 | E11: =RANK(E9,9:9,1) -> 6 | F11: =RANK(F9,9:9,1) -> 4 | G11: =RANK(G9,9:9,1) -> 5 | H11: =RANK(H9,9:9,1) -> 3 | I11: =RANK(I9,9:9,1) -> 1 | J11: =RANK(J9,9:9,1) -> 2
A12: F4 | B12: Mean | C12: 582.30587 | D12: 583.88335 | E12: 495.74834 | F12: 553.67987 | G12: 504.75829 | H12: 544.13585 | I12: 501.53685 | J12: 496.50377
B13: Std | C13: 54.13838 | D13: 52.112621 | E13: 25.431691 | F13: 29.805237 | G13: 23.522131 | H13: 40.25393 | I13: 19.267021 | J13: 18.482571
B14: Rank | C14: =RANK(C12,12:12,1) -> 7 | D14: =RANK(D12,12:12,1) -> 8 | E14: =RANK(E12,12:12,1) -> 1 | F14: =RANK(F12,12:12,1) -> 6 | G14: =RANK(G12,12:12,1) -> 4 | H14: =RANK(H12,12:12,1) -> 5 | I14: =RANK(I12,12:12,1) -> 3 | J14: =RANK(J12,12:12,1) -> 2
A15: F5 | B15: Mean | C15: 616.34095 | D15: 609.16889 | E15: 570.09702 | F15: 569.82187 | G15: 568.50904 | H15: 574.23729 | I15: 558.86291 | J15: 562.47738
B16: Std | C16: 30.023176 | D16: 23.951571 | E16: 16.417602 | F16: 15.876285 | G16: 16.64493 | H16: 12.432243 | I16: 16.222768 | J16: 20.371692
B17: Rank | C17: =RANK(C15,15:15,1) -> 8 | D17: =RANK(D15,15:15,1) -> 7 | E17: =RANK(E15,15:15,1) -> 5 | F17: =RANK(F15,15:15,1) -> 4 | G17: =RANK(G15,15:15,1) -> 3 | H17: =RANK(H15,15:15,1) -> 6 | I17: =RANK(I15,15:15,1) -> 1 | J17: =RANK(J15,15:15,1) -> 2
A18: F6 | B18: Mean | C18: 622.76081 | D18: 620.18873 | E18: 600.99769 | F18: 610.55828 | G18: 601.24355 | H18: 609.43425 | I18: 601.04274 | J18: 601.27005
B19: Std | C19: 6.2261909 | D19: 8.3850693 | E19: 0.59604844 | F19: 5.1331596 | G19: 0.75718396 | H19: 4.984111 | I19: 0.76472559 | J19: 0.79688431
B20: Rank | C20: =RANK(C18,18:18,1) -> 8 | D20: =RANK(D18,18:18,1) -> 7 | E20: =RANK(E18,18:18,1) -> 1 | F20: =RANK(F18,18:18,1) -> 6 | G20: =RANK(G18,18:18,1) -> 3 | H20: =RANK(H18,18:18,1) -> 5 | I20: =RANK(I18,18:18,1) -> 2 | J20: =RANK(J18,18:18,1) -> 4
A21: F7 | B21: Mean | C21: 995.78007 | D21: 907.99802 | E21: 899.93947 | F21: 881.14379 | G21: 876.68822 | H21: 886.36436 | I21: 877.2121 | J21: 899.35786
B22: Std | C22: 58.504382 | D22: 30.714488 | E22: 44.533354 | F22: 39.665874 | G22: 45.12225 | H22: 46.385254 | I22: 37.560433 | J22: 41.44413
B23: Rank | C23: =RANK(C21,21:21,1) -> 8 | D23: =RANK(D21,21:21,1) -> 7 | E23: =RANK(E21,21:21,1) -> 6 | F23: =RANK(F21,21:21,1) -> 3 | G23: =RANK(G21,21:21,1) -> 1 | H23: =RANK(H21,21:21,1) -> 4 | I23: =RANK(I21,21:21,1) -> 2 | J23: =RANK(J21,21:21,1) -> 5
A24: F8 | B24: Mean | C24: 911.64157 | D24: 886.6373 | E24: 863.24514 | F24: 864.40907 | G24: 859.57632 | H24: 864.02729 | I24: 851.66912 | J24: 850.12171
B25: Std | C25: 25.8282 | D25: 14.46545 | E25: 11.681163 | F25: 12.919401 | G25: 15.745946 | H25: 10.169544 | I25: 16.008524 | J25: 11.347363
B26: Rank | C26: =RANK(C24,24:24,1) -> 8 | D26: =RANK(D24,24:24,1) -> 7 | E26: =RANK(E24,24:24,1) -> 4 | F26: =RANK(F24,24:24,1) -> 6 | G26: =RANK(G24,24:24,1) -> 3 | H26: =RANK(H24,24:24,1) -> 5 | I26: =RANK(I24,24:24,1) -> 2 | J26: =RANK(J24,24:24,1) -> 1
A27: F9 | B27: Mean | C27: 3822.9752 | D27: 2830.8311 | E27: 1195.9292 | F27: 1605.945 | G27: 1138.294 | H27: 1487.1833 | I27: 1037.2007 | J27: 1051.8783
B28: Std | C28: 1618.4232 | D28: 994.2606 | E28: 318.91011 | F28: 553.70642 | G28: 257.67348 | H28: 314.03078 | I28: 131.93279 | J28: 170.59933
B29: Rank | C29: =RANK(C27,27:27,1) -> 8 | D29: =RANK(D27,27:27,1) -> 7 | E29: =RANK(E27,27:27,1) -> 4 | F29: =RANK(F27,27:27,1) -> 6 | G29: =RANK(G27,27:27,1) -> 3 | H29: =RANK(H27,27:27,1) -> 5 | I29: =RANK(I27,27:27,1) -> 1 | J29: =RANK(J27,27:27,1) -> 2
A30: F10 | B30: Mean | C30: 4786.5616 | D30: 4197.4915 | E30: 7574.9121 | F30: 8060.4826 | G30: 7316.9655 | H30: 7981.8626 | I30: 8264.8127 | J30: 8141.1777
B31: Std | C31: 1420.8521 | D31: 854.14204 | E31: 950.32532 | F31: 706.59886 | G31: 1357.9515 | H31: 1125.5818 | I31: 447.75152 | J31: 590.28691
B32: Rank | C32: =RANK(C30,30:30,1) -> 2 | D32: =RANK(D30,30:30,1) -> 1 | E32: =RANK(E30,30:30,1) -> 4 | F32: =RANK(F30,30:30,1) -> 6 | G32: =RANK(G30,30:30,1) -> 3 | H32: =RANK(H30,30:30,1) -> 5 | I32: =RANK(I30,30:30,1) -> 8 | J32: =RANK(J30,30:30,1) -> 7
A33: F11 | B33: Mean | C33: 1489.6621 | D33: 1392.4773 | E33: 1248.8392 | F33: 1339.5952 | G33: 1279.6581 | H33: 1343.4621 | I33: 1247.0569 | J33: 1230.7309
B34: Std | C34: 155.28736 | D34: 88.699483 | E34: 45.389338 | F34: 69.834003 | G34: 53.053826 | H34: 70.979239 | I34: 42.95069 | J34: 39.366945
B35: Rank | C35: =RANK(C33,33:33,1) -> 8 | D35: =RANK(D33,33:33,1) -> 7 | E35: =RANK(E33,33:33,1) -> 3 | F35: =RANK(F33,33:33,1) -> 5 | G35: =RANK(G33,33:33,1) -> 4 | H35: =RANK(H33,33:33,1) -> 6 | I35: =RANK(I33,33:33,1) -> 2 | J35: =RANK(J33,33:33,1) -> 1
A36: F12 | B36: Mean | C36: 3505665 | D36: 4016659.4 | E36: 1288372.3 | F36: 2934220.1 | G36: 1131238.1 | H36: 2494829.1 | I36: 1093724.6 | J36: 1203634.7
B37: Std | C37: 4264505.8 | D37: 4692186.8 | E37: 1052580 | F37: 3154280.6 | G37: 967066.54 | H37: 2037691 | I37: 761207.21 | J37: 671546.06
B38: Rank | C38: =RANK(C36,36:36,1) -> 7 | D38: =RANK(D36,36:36,1) -> 8 | E38: =RANK(E36,36:36,1) -> 4 | F38: =RANK(F36,36:36,1) -> 6 | G38: =RANK(G36,36:36,1) -> 2 | H38: =RANK(H36,36:36,1) -> 5 | I38: =RANK(I36,36:36,1) -> 1 | J38: =RANK(J36,36:36,1) -> 3
A39: F13 | B39: Mean | C39: 27785.775 | D39: 49853.222 | E39: 21137.889 | F39: 37153.7 | G39: 21425.836 | H39: 33441.029 | I39: 17202.903 | J39: 21487.812
B40: Std | C40: 15579.412 | D40: 25127.323 | E40: 15509.041 | F40: 24933.544 | G40: 16087.679 | H40: 20500.791 | I40: 14280.436 | J40: 15988.305
B41: Rank | C41: =RANK(C39,39:39,1) -> 5 | D41: =RANK(D39,39:39,1) -> 8 | E41: =RANK(E39,39:39,1) -> 2 | F41: =RANK(F39,39:39,1) -> 7 | G41: =RANK(G39,39:39,1) -> 3 | H41: =RANK(H39,39:39,1) -> 6 | I41: =RANK(I39,39:39,1) -> 1 | J41: =RANK(J39,39:39,1) -> 4
A42: F14 | B42: Mean | C42: 83600.899 | D42: 73846.268 | E42: 51600.45 | F42: 43670.657 | G42: 41642.337 | H42: 60346.753 | I42: 37854.098 | J42: 34733.439
B43: Std | C43: 140945.2 | D43: 70211.179 | E43: 49791.51 | F43: 55153.581 | G43: 37905.658 | H43: 67087.341 | I43: 36110.414 | J43: 34300.047
B44: Rank | C44: =RANK(C42,42:42,1) -> 8 | D44: =RANK(D42,42:42,1) -> 7 | E44: =RANK(E42,42:42,1) -> 5 | F44: =RANK(F42,42:42,1) -> 4 | G44: =RANK(G42,42:42,1) -> 3 | H44: =RANK(H42,42:42,1) -> 6 | I44: =RANK(I42,42:42,1) -> 2 | J44: =RANK(J42,42:42,1) -> 1
A45: F15 | B45: Mean | C45: 13597.998 | D45: 13396.207 | E45: 14805.59 | F45: 9891.9229 | G45: 16866.866 | H45: 9925.0028 | I45: 14949.025 | J45: 13829.192
B46: Std | C46: 10619.257 | D46: 9809.051 | E46: 11390.635 | F46: 8196.8351 | G46: 14518.538 | H46: 7328.4486 | I46: 12991.302 | J46: 11211.929
B47: Rank | C47: =RANK(C45,45:45,1) -> 4 | D47: =RANK(D45,45:45,1) -> 3 | E47: =RANK(E45,45:45,1) -> 6 | F47: =RANK(F45,45:45,1) -> 1 | G47: =RANK(G45,45:45,1) -> 8 | H47: =RANK(H45,45:45,1) -> 2 | I47: =RANK(I45,45:45,1) -> 7 | J47: =RANK(J45,45:45,1) -> 5
A48: F16 | B48: Mean | C48: 2774.8953 | D48: 2555.3974 | E48: 2609.6403 | F48: 2539.0855 | G48: 2494.2941 | H48: 2547.0493 | I48: 2509.3345 | J48: 2622.5374
B49: Std | C49: 338.88634 | D49: 192.16099 | E49: 458.56634 | F49: 256.56608 | G49: 423.77869 | H49: 208.70704 | I49: 406.12458 | J49: 421.90046
B50: Rank | C50: =RANK(C48,48:48,1) -> 8 | D50: =RANK(D48,48:48,1) -> 5 | E50: =RANK(E48,48:48,1) -> 6 | F50: =RANK(F48,48:48,1) -> 3 | G50: =RANK(G48,48:48,1) -> 1 | H50: =RANK(H48,48:48,1) -> 4 | I50: =RANK(I48,48:48,1) -> 2 | J50: =RANK(J48,48:48,1) -> 7
A51: F17 | B51: Mean | C51: 2314.2791 | D51: 2246.6703 | E51: 1987.4715 | F51: 2147.3438 | G51: 2013.022 | H51: 2176.0198 | I51: 1977.3594 | J51: 2012.297
B52: Std | C52: 183.97078 | D52: 214.21394 | E52: 160.03421 | F52: 168.45226 | G52: 171.08198 | H52: 165.8046 | I52: 159.35244 | J52: 141.39515
B53: Rank | C53: =RANK(C51,51:51,1) -> 8 | D53: =RANK(D51,51:51,1) -> 7 | E53: =RANK(E51,51:51,1) -> 2 | F53: =RANK(F51,51:51,1) -> 5 | G53: =RANK(G51,51:51,1) -> 4 | H53: =RANK(H51,51:51,1) -> 6 | I53: =RANK(I51,51:51,1) -> 1 | J53: =RANK(J51,51:51,1) -> 3
A54: F18 | B54: Mean | C54: 823725.7 | D54: 792415.93 | E54: 836969.73 | F54: 1013167.1 | G54: 925419.28 | H54: 712123.8 | I54: 1047130.4 | J54: 1075528
B55: Std | C55: 921772.78 | D55: 805924.9 | E55: 551653.23 | F55: 1150258.2 | G55: 691015.55 | H55: 654331.56 | I55: 1264442.7 | J55: 950706.72
B56: Rank | C56: =RANK(C54,54:54,1) -> 3 | D56: =RANK(D54,54:54,1) -> 2 | E56: =RANK(E54,54:54,1) -> 4 | F56: =RANK(F54,54:54,1) -> 6 | G56: =RANK(G54,54:54,1) -> 5 | H56: =RANK(H54,54:54,1) -> 1 | I56: =RANK(I54,54:54,1) -> 7 | J56: =RANK(J54,54:54,1) -> 8
A57: F19 | B57: Mean | C57: 15656.123 | D57: 21375.518 | E57: 9482.8852 | F57: 13414.388 | G57: 9989.9362 | H57: 12204.605 | I57: 11586.922 | J57: 10222.713
B58: Std | C58: 24179.09 | D58: 35138.192 | E58: 10888.609 | F58: 10954.436 | G58: 8478.0211 | H58: 25805.823 | I58: 13916.025 | J58: 11141.746
B59: Rank | C59: =RANK(C57,57:57,1) -> 7 | D59: =RANK(D57,57:57,1) -> 8 | E59: =RANK(E57,57:57,1) -> 1 | F59: =RANK(F57,57:57,1) -> 6 | G59: =RANK(G57,57:57,1) -> 2 | H59: =RANK(H57,57:57,1) -> 5 | I59: =RANK(I57,57:57,1) -> 4 | J59: =RANK(J57,57:57,1) -> 3
A60: F20 | B60: Mean | C60: 2586.3196 | D60: 2525.0775 | E60: 2321.9418 | F60: 2377.8574 | G60: 2392.183 | H60: 2417.5149 | I60: 2338.2289 | J60: 2388.4339
B61: Std | C61: 208.79307 | D61: 192.43577 | E61: 154.83074 | F61: 181.14816 | G61: 234.13551 | H61: 157.70019 | I61: 215.5183 | J61: 206.36151
B62: Rank | C62: =RANK(C60,60:60,1) -> 8 | D62: =RANK(D60,60:60,1) -> 7 | E62: =RANK(E60,60:60,1) -> 1 | F62: =RANK(F60,60:60,1) -> 3 | G62: =RANK(G60,60:60,1) -> 5 | H62: =RANK(H60,60:60,1) -> 6 | I62: =RANK(I60,60:60,1) -> 2 | J62: =RANK(J60,60:60,1) -> 4
A63: F21 | B63: Mean | C63: 2409.5573 | D63: 2407.1645 | E63: 2369.9899 | F63: 2373.3819 | G63: 2373.6707 | H63: 2377.4841 | I63: 2371.0115 | J63: 2368.357
B64: Std | C64: 21.51401 | D64: 23.663607 | E64: 21.195991 | F64: 15.828409 | G64: 22.679944 | H64: 13.960179 | I64: 25.678602 | J64: 26.171564
B65: Rank | C65: =RANK(C63,63:63,1) -> 8 | D65: =RANK(D63,63:63,1) -> 7 | E65: =RANK(E63,63:63,1) -> 2 | F65: =RANK(F63,63:63,1) -> 4 | G65: =RANK(G63,63:63,1) -> 5 | H65: =RANK(H63,63:63,1) -> 6 | I65: =RANK(I63,63:63,1) -> 3 | J65: =RANK(J63,63:63,1) -> 1
A66: F22 | B66: Mean | C66: 5228.3069 | D66: 5104.279 | E66: 6790.445 | F66: 2320.0482 | G66: 6408.7604 | H66: 2320.2945 | I66: 2306.4874 | J66: 2306.5986
B67: Std | C67: 1800.0447 | D67: 1511.9213 | E67: 3073.8155 | F67: 5.6055251 | G67: 3298.2573 | H67: 6.4091087 | I67: 2.5236121 | J67: 2.7407398
B68: Rank | C68: =RANK(C66,66:66,1) -> 6 | D68: =RANK(D66,66:66,1) -> 5 | E68: =RANK(E66,66:66,1) -> 8 | F68: =RANK(F66,66:66,1) -> 3 | G68: =RANK(G66,66:66,1) -> 7 | H68: =RANK(H66,66:66,1) -> 4 | I68: =RANK(I66,66:66,1) -> 1 | J68: =RANK(J66,66:66,1) -> 2
A69: F23 | B69: Mean | C69: 2838.273 | D69: 2815.3293 | E69: 2734.3535 | F69: 2779.059 | G69: 2741.4371 | H69: 2783.1929 | I69: 2731.1915 | J69: 2727.481
B70: Std | C70: 51.238088 | D70: 43.238307 | E70: 25.160186 | F70: 34.28617 | G70: 27.028782 | H70: 26.955906 | I70: 26.580684 | J70: 21.902031
B71: Rank | C71: =RANK(C69,69:69,1) -> 8 | D71: =RANK(D69,69:69,1) -> 7 | E71: =RANK(E69,69:69,1) -> 3 | F71: =RANK(F69,69:69,1) -> 5 | G71: =RANK(G69,69:69,1) -> 4 | H71: =RANK(H69,69:69,1) -> 6 | I71: =RANK(I69,69:69,1) -> 2 | J71: =RANK(J69,69:69,1) -> 1
A72: F24 | B72: Mean | C72: 2975.7874 | D72: 2962.6675 | E72: 2962.4057 | F72: 2930.0439 | G72: 2949.4072 | H72: 2934.8401 | I72: 2964.2254 | J72: 2952.8728
B73: Std | C73: 41.344647 | D73: 36.63188 | E73: 41.10425 | F73: 27.584037 | G73: 36.555465 | H73: 34.208947 | I73: 49.293304 | J73: 44.655813
B74: Rank | C74: =RANK(C72,72:72,1) -> 8 | D74: =RANK(D72,72:72,1) -> 6 | E74: =RANK(E72,72:72,1) -> 5 | F74: =RANK(F72,72:72,1) -> 1 | G74: =RANK(G72,72:72,1) -> 3 | H74: =RANK(H72,72:72,1) -> 2 | I74: =RANK(I72,72:72,1) -> 7 | J74: =RANK(J72,72:72,1) -> 4
A75: F25 | B75: Mean | C75: 2944.2818 | D75: 2955.7387 | E75: 2895.796 | F75: 2921.3884 | G75: 2893.7363 | H75: 2928.447 | I75: 2891.2841 | J75: 2895.3985
B76: Std | C76: 40.175426 | D76: 42.320701 | E76: 12.475104 | F76: 23.770066 | G76: 8.4640736 | H76: 22.407311 | I76: 6.0837072 | J76: 10.752094
B77: Rank | C77: =RANK(C75,75:75,1) -> 7 | D77: =RANK(D75,75:75,1) -> 8 | E77: =RANK(E75,75:75,1) -> 4 | F77: =RANK(F75,75:75,1) -> 5 | G77: =RANK(G75,75:75,1) -> 2 | H77: =RANK(H75,75:75,1) -> 6 | I77: =RANK(I75,75:75,1) -> 1 | J77: =RANK(J75,75:75,1) -> 3
A78: F26 | B78: Mean | C78: 5797.9545 | D78: 5344.8572 | E78: 4547.9095 | F78: 5209.9445 | G78: 4540.0239 | H78: 5087.3767 | I78: 4487.1107 | J78: 4497.9888
B79: Std | C79: 476.48229 | D79: 367.34714 | E79: 397.60214 | F79: 306.06521 | G79: 267.59241 | H79: 425.9591 | I79: 240.54498 | J79: 225.58657
B80: Rank | C80: =RANK(C78,78:78,1) -> 8 | D80: =RANK(D78,78:78,1) -> 7 | E80: =RANK(E78,78:78,1) -> 4 | F80: =RANK(F78,78:78,1) -> 6 | G80: =RANK(G78,78:78,1) -> 3 | H80: =RANK(H78,78:78,1) -> 5 | I80: =RANK(I78,78:78,1) -> 1 | J80: =RANK(J78,78:78,1) -> 2
A81: F27 | B81: Mean | C81: 3290.0673 | D81: 3293.5586 | E81: 3224.7294 | F81: 3291.1717 | G81: 3221.5536 | H81: 3292.7495 | I81: 3224.2424 | J81: 3225.4713
B82: Std | C82: 38.349032 | D82: 27.578779 | E82: 9.7216067 | F82: 30.334199 | G82: 11.563467 | H82: 26.373522 | I82: 10.135573 | J82: 10.656032
B83: Rank | C83: =RANK(C81,81:81,1) -> 5 | D83: =RANK(D81,81:81,1) -> 8 | E83: =RANK(E81,81:81,1) -> 3 | F83: =RANK(F81,81:81,1) -> 6 | G83: =RANK(G81,81:81,1) -> 1 | H83: =RANK(H81,81:81,1) -> 7 | I83: =RANK(I81,81:81,1) -> 2 | J83: =RANK(J81,81:81,1) -> 4
A84: F28 | B84: Mean | C84: 3398.6374 | D84: 3375.9067 | E84: 3266.868 | F84: 3317.795 | G84: 3265.0616 | H84: 3326.2512 | I84: 3249.9664 | J84: 3262.5042
B85: Std | C85: 77.788375 | D85: 71.017083 | E85: 22.373772 | F85: 26.110893 | G85: 17.30923 | H85: 30.709237 | I85: 26.658386 | J85: 19.690344
B86: Rank | C86: =RANK(C84,84:84,1) -> 8 | D86: =RANK(D84,84:84,1) -> 7 | E86: =RANK(E84,84:84,1) -> 4 | F86: =RANK(F84,84:84,1) -> 5 | G86: =RANK(G84,84:84,1) -> 3 | H86: =RANK(H84,84:84,1) -> 6 | I86: =RANK(I84,84:84,1) -> 1 | J86: =RANK(J84,84:84,1) -> 2
A87: F29 | B87: Mean | C87: 4131.0553 | D87: 4045.9029 | E87: 3727.5427 | F87: 3911.4572 | G87: 3637.9055 | H87: 3971.8593 | I87: 3746.2161 | J87: 3642.0999
B88: Std | C88: 261.20906 | D88: 234.71325 | E88: 161.92231 | F88: 125.5987 | G88: 150.48637 | H88: 169.2258 | I88: 198.50004 | J88: 165.80644
B89: Rank | C89: =RANK(C87,87:87,1) -> 8 | D89: =RANK(D87,87:87,1) -> 7 | E89: =RANK(E87,87:87,1) -> 3 | F89: =RANK(F87,87:87,1) -> 5 | G89: =RANK(G87,87:87,1) -> 1 | H89: =RANK(H87,87:87,1) -> 6 | I89: =RANK(I87,87:87,1) -> 4 | J89: =RANK(J87,87:87,1) -> 2
A90: F30 | B90: Mean | C90: 165765.96 | D90: 336185.65 | E90: 28632.748 | F90: 230325.92 | G90: 27631.97 | H90: 180439.89 | I90: 18752.951 | J90: 26049.715
B91: Std | C91: 144170.66 | D91: 432895.4 | E91: 29790.546 | F91: 454717.2 | G91: 28927.063 | H91: 154348.17 | I91: 9285.7154 | J91: 18239.248
B92: Rank | C92: =RANK(C90,90:90,1) -> 5 | D92: =RANK(D90,90:90,1) -> 8 | E92: =RANK(E90,90:90,1) -> 4 | F92: =RANK(F90,90:90,1) -> 7 | G92: =RANK(G90,90:90,1) -> 3 | H92: =RANK(H90,90:90,1) -> 6 | I92: =RANK(I90,90:90,1) -> 1 | J92: =RANK(J90,90:90,1) -> 2
A93: Friedman rank | C93: 5.8333333 | D93: 5.5666667 | E93: 3.8 | F93: 4.9 | G93: 3.2333333 | H93: 5.3 | I93: 3.8 | J93: 3.5666667
A94: -/=/+
A95: Average rank | C95: =AVERAGE(C5,C8,C11,C14,C17,C20,C23,C26,C29,C32,C35,C38,C41,C44,C47,C50,C53,C56,C59,C62,C65,C68,C71,C74,C77,C80,C83,C86,C89,C92) -> 7 | D95: =AVERAGE(D5,D8,D11,D14,D17,D20,D23,D26,D29,D32,D35,D38,D41,D44,D47,D50,D53,D56,D59,D62,D65,D68,D71,D74,D77,D80,D83,D86,D89,D92) -> 6.5666667 | E95: =AVERAGE(E5,E8,E11,E14,E17,E20,E23,E26,E29,E32,E35,E38,E41,E44,E47,E50,E53,E56,E59,E62,E65,E68,E71,E74,E77,E80,E83,E86,E89,E92) -> 3.6666667 | F95: =AVERAGE(F5,F8,F11,F14,F17,F20,F23,F26,F29,F32,F35,F38,F41,F44,F47,F50,F53,F56,F59,F62,F65,F68,F71,F74,F77,F80,F83,F86,F89,F92) -> 4.8 | G95: =AVERAGE(G5,G8,G11,G14,G17,G20,G23,G26,G29,G32,G35,G38,G41,G44,G47,G50,G53,G56,G59,G62,G65,G68,G71,G74,G77,G80,G83,G86,G89,G92) -> 3.3333333 | H95: =AVERAGE(H5,H8,H11,H14,H17,H20,H23,H26,H29,H32,H35,H38,H41,H44,H47,H50,H53,H56,H59,H62,H65,H68,H71,H74,H77,H80,H83,H86,H89,H92) -> 5.0333333 | I95: =AVERAGE(I5,I8,I11,I14,I17,I20,I23,I26,I29,I32,I35,I38,I41,I44,I47,I50,I53,I56,I59,I62,I65,I68,I71,I74,I77,I80,I83,I86,I89,I92) -> 2.5 | J95: =AVERAGE(J5,J8,J11,J14,J17,J20,J23,J26,J29,J32,J35,J38,J41,J44,J47,J50,J53,J56,J59,J62,J65,J68,J71,J74,J77,J80,J83,J86,J89,J92) -> 3.1
A96: Total rank | C96: =RANK(C97,97:97,1) -> 8 | D96: =RANK(D97,97:97,1) -> 7 | E96: =RANK(E97,97:97,1) -> 4 | F96: =RANK(F97,97:97,1) -> 5 | G96: =RANK(G97,97:97,1) -> 2 | H96: =RANK(H97,97:97,1) -> 6 | I96: =RANK(I97,97:97,1) -> 1 | J96: =RANK(J97,97:97,1) -> 3
C97: =C93+C95 -> 12.833333 | D97: =D93+D95 -> 12.133333 | E97: =E93+E95 -> 7.4666667 | F97: =F93+F95 -> 9.7 | G97: =G93+G95 -> 6.5666667 | H97: =H93+H95 -> 10.333333 | I97: =I93+I95 -> 6.3 | J97: =J93+J95 -> 6.6666667
